[
  {
    "value": "Science-fiction",
    "synonyms": [
      "Science-fiction",
      "Anticipation"
    ]
  },
  {
    "value": "Aventure",
    "synonyms": [
      "Aventure"
    ]
  },
  {
    "value": "Comédie",
    "synonyms": [
      "Comédie",
      "Rire",
      "Drole"
    ]
  },
  {
    "value": "Action",
    "synonyms": [
      "Action"
    ]
  },
  {
    "value": "Thriller",
    "synonyms": [
      "Thriller"
    ]
  },
  {
    "value": "Crime",
    "synonyms": [
      "Crime"
    ]
  }
]