[
  {
    "id": "455e72dc-ed3b-4927-857e-439ce4693792",
    "data": [
      {
        "text": "Je veux voir ",
        "userDefined": false
      },
      {
        "text": "un",
        "userDefined": false
      },
      {
        "text": " film de ",
        "userDefined": false
      },
      {
        "text": "science-fiction",
        "meta": "@GenreFilm",
        "alias": "genre",
        "userDefined": true
      }
    ],
    "isTemplate": false,
    "count": 0,
    "lang": "fr",
    "updated": 0
  },
  {
    "id": "eb8146e4-f560-4acf-861f-97bf8a47c402",
    "data": [
      {
        "text": "Je veux voir ",
        "userDefined": false
      },
      {
        "text": "un",
        "userDefined": false
      },
      {
        "text": " film",
        "userDefined": false
      }
    ],
    "isTemplate": false,
    "count": 2,
    "lang": "fr",
    "updated": 0
  },
  {
    "id": "5472b97f-99c0-4210-841f-2c3cc797ed47",
    "data": [
      {
        "text": "Je veux voir ",
        "userDefined": false
      },
      {
        "text": "un",
        "meta": "@sys.number",
        "alias": "number",
        "userDefined": false
      },
      {
        "text": " film",
        "userDefined": false
      }
    ],
    "isTemplate": false,
    "count": 0,
    "lang": "fr",
    "updated": 0
  }
]