[
  {
    "id": "f21e52f2-ed30-4cc2-ba59-4f3e153fbc42",
    "data": [
      {
        "text": "Sur quelle plateforme est diffusé ",
        "userDefined": false
      },
      {
        "text": "Le silence des agneaux",
        "meta": "@sys.any",
        "alias": "movie",
        "userDefined": true
      },
      {
        "text": " ?",
        "userDefined": false
      }
    ],
    "isTemplate": false,
    "count": 0,
    "lang": "fr",
    "updated": 0
  },
  {
    "data": [
      {
        "text": "Sur quelle plateforme est diffusé ",
        "userDefined": false
      },
      {
        "text": "les 3 frères",
        "meta": "@sys.any",
        "alias": "movie",
        "userDefined": false
      }
    ],
    "isTemplate": false,
    "count": 0,
    "lang": "fr",
    "updated": 0
  },
  {
    "data": [
      {
        "text": "Sur quelle plateforme est diffusé ",
        "userDefined": false
      },
      {
        "text": "les trois frères",
        "meta": "@sys.any",
        "alias": "movie",
        "userDefined": false
      }
    ],
    "isTemplate": false,
    "count": 0,
    "lang": "fr",
    "updated": 0
  },
  {
    "data": [
      {
        "text": "Sur quelle plateforme est diffusé les ",
        "userDefined": false
      },
      {
        "text": "3",
        "meta": "@sys.number",
        "alias": "number",
        "userDefined": false
      },
      {
        "text": " ",
        "userDefined": false
      },
      {
        "text": "frères",
        "meta": "@sys.person",
        "alias": "person",
        "userDefined": false
      }
    ],
    "isTemplate": false,
    "count": 0,
    "lang": "fr",
    "updated": 0
  },
  {
    "data": [
      {
        "text": "Sur quelle plateforme est diffusé les ",
        "userDefined": false
      },
      {
        "text": "trois",
        "meta": "@sys.number",
        "alias": "number",
        "userDefined": false
      },
      {
        "text": " ",
        "userDefined": false
      },
      {
        "text": "frères",
        "meta": "@sys.person",
        "alias": "person",
        "userDefined": false
      }
    ],
    "isTemplate": false,
    "count": 0,
    "lang": "fr",
    "updated": 0
  },
  {
    "data": [
      {
        "text": "Sur quelle plateforme est diffusé ",
        "userDefined": false
      },
      {
        "text": "les seigneur des anneaux 1",
        "meta": "@sys.any",
        "alias": "movie",
        "userDefined": false
      },
      {
        "text": " ?",
        "userDefined": false
      }
    ],
    "isTemplate": false,
    "count": 0,
    "lang": "fr",
    "updated": 0
  }
]